t,X1-x,X1-y,X1-z,X1_t-x,X1_t-y,X1_t-z,X3-x,X3-y,X3-z,X3_t-x,X3_t-y,X3_t-z
0,-0.9258298,1,-0.4944682,2.145076,0,0.3217615,-1,1.707107,0.2071068,2,0,0,
0.003333333,-0.9186788,1,-0.493392,2.145495,0,0.3239734,-0.9933333,1.707107,0.2071068,2,-2.014131E-07,-7.232666E-08,
0.006666667,-0.9115265,1,-0.4923084,2.145914,0,0.3261932,-0.9866667,1.707107,0.2071069,2,-9.03965E-08,-2.501911E-07,
0.01,-0.9043728,1,-0.4912173,2.146331,0,0.3284208,-0.98,1.707107,0.2071068,2,-1.401058E-07,-5.676702E-08,
0.01333333,-0.8972176,1,-0.4901189,2.146747,0,0.3306563,-0.9733333,1.707107,0.2071068,2,-3.466848E-07,3.486639E-08,
0.01666667,-0.890061,1,-0.4890129,2.147162,0,0.3328996,-0.9666666,1.707107,0.2071068,2,-2.481975E-07,-1.00059E-07,
0.02,-0.8829032,1,-0.4878995,2.147576,0,0.3351507,-0.96,1.707107,0.2071068,2,1.548324E-07,-1.078588E-07,
0.02333333,-0.875744,1,-0.4867786,2.147989,0,0.3374097,-0.9533334,1.707107,0.2071069,2,-4.563481E-08,2.665911E-08,
0.02666667,-0.8685833,1,-0.4856501,2.148401,0,0.3396765,-0.9466667,1.707107,0.2071068,2,4.377216E-08,-6.91507E-08,
0.03,-0.8614212,1,-0.4845141,2.148812,0,0.3419511,-0.9399999,1.707107,0.2071068,2,-5.45755E-07,-4.528556E-08,
0.03333334,-0.8542578,1,-0.4833705,2.149221,0,0.3442336,-0.9333333,1.707107,0.2071068,2,2.291054E-07,1.699664E-08,
0.03666667,-0.8470931,1,-0.4822192,2.14963,0,0.3465239,-0.9266667,1.707107,0.2071068,2,-2.277084E-07,-5.494803E-08,
0.04,-0.839927,1,-0.4810603,2.150037,0,0.3488221,-0.92,1.707107,0.2071068,2,-3.045425E-07,-8.870848E-08,
0.04333333,-0.8327595,1,-0.4798937,2.150444,0,0.351128,-0.9133333,1.707107,0.2071068,2,-6.053597E-08,4.656613E-09,
0.04666667,-0.8255907,1,-0.4787194,2.150849,0,0.3534418,-0.9066668,1.707107,0.2071068,2,-3.72529E-09,-1.317821E-07,
0.05,-0.8184205,1,-0.4775374,2.151253,0,0.3557635,-0.9000001,1.707107,0.2071068,2,-7.357448E-08,-1.261942E-07,
0.05333333,-0.811249,1,-0.4763477,2.151656,0,0.3580929,-0.8933333,1.707107,0.2071068,2,1.15484E-07,1.406297E-07,
0.05666667,-0.8040761,1,-0.4751501,2.152058,0,0.3604302,-0.8866667,1.707107,0.2071068,2,2.086163E-07,-7.543713E-08,
0.06,-0.7969019,1,-0.4739448,2.152458,0,0.3627753,-0.88,1.707107,0.2071068,2,8.195639E-08,7.21775E-08,
0.06333333,-0.7897265,1,-0.4727316,2.152858,0,0.3651282,-0.8733334,1.707107,0.2071068,2,-1.974404E-07,-1.136214E-07,
0.06666667,-0.7825496,1,-0.4715106,2.153255,0,0.367489,-0.8666667,1.707107,0.2071068,2,3.20375E-07,9.778886E-08,
0.07,-0.7753714,1,-0.4702816,2.153653,0,0.3698575,-0.86,1.707107,0.2071068,2,-5.159527E-07,-7.264316E-08,
0.07333333,-0.7681919,1,-0.4690449,2.154048,0,0.3722339,-0.8533333,1.707107,0.2071069,2,1.024455E-07,1.378357E-07,
0.07666667,-0.7610111,1,-0.4678001,2.154443,0,0.3746182,-0.8466667,1.707107,0.2071068,2,1.490116E-07,-1.043081E-07,
0.08,-0.753829,1,-0.4665474,2.154836,0,0.3770102,-0.84,1.707107,0.2071068,2,-2.04891E-07,-1.164153E-07,
0.08333334,-0.7466456,1,-0.4652867,2.155228,0,0.37941,-0.8333333,1.707107,0.2071068,2,7.450581E-09,1.639128E-07,
0.08666667,-0.7394608,1,-0.464018,2.155619,0,0.3818176,-0.8266667,1.707107,0.2071069,2,-3.72529E-09,4.842877E-08,
0.09,-0.7322747,1,-0.4627412,2.156009,0,0.3842332,-0.8199999,1.707107,0.2071068,2,1.303852E-07,-1.117587E-08,
0.09333333,-0.7250874,1,-0.4614564,2.156397,0,0.3866564,-0.8133334,1.707107,0.2071068,2,-1.937151E-07,6.891787E-08,
0.09666666,-0.7178987,1,-0.4601635,2.156784,0,0.3890875,-0.8066667,1.707107,0.2071068,2,2.160668E-07,8.195639E-08,
0.1,-0.7107087,1,-0.4588625,2.15717,0,0.3915264,-0.8,1.707107,0.2071068,2,-1.15484E-07,-5.7742E-08,
0.1033333,-0.7035176,1,-0.4575533,2.157554,0,0.3939731,-0.7933334,1.707107,0.2071069,2,-2.235174E-08,-8.940697E-08,
0.1066667,-0.6963251,1,-0.456236,2.157938,0,0.3964275,-0.7866667,1.707107,0.2071069,2,-1.490116E-08,-6.332994E-08,
0.11,-0.6891314,1,-0.4549105,2.15832,0,0.3988898,-0.78,1.707107,0.2071068,2,-1.117587E-07,-4.656613E-08,
0.1133333,-0.6819363,1,-0.4535767,2.1587,0,0.4013599,-0.7733333,1.707107,0.2071068,2,-1.788139E-07,-3.352761E-08,
0.1166667,-0.67474,1,-0.4522347,2.15908,0,0.4038378,-0.7666667,1.707107,0.2071068,2,-2.905726E-07,-1.210719E-07,
0.12,-0.6675425,1,-0.4508845,2.159457,0,0.4063235,-0.76,1.707107,0.2071069,2,-2.980232E-08,-9.872019E-08,
0.1233333,-0.6603436,1,-0.4495259,2.159834,0,0.4088169,-0.7533333,1.707107,0.2071068,2,-2.980232E-08,-1.862645E-08,
0.1266667,-0.6531436,1,-0.448159,2.160209,0,0.4113182,-0.7466667,1.707107,0.2071068,2,-7.450581E-08,-6.705523E-08,
0.13,-0.6459423,1,-0.4467838,2.160583,0,0.4138272,-0.74,1.707107,0.2071068,2,-4.470348E-08,2.980232E-08,
0.1333333,-0.6387397,1,-0.4454001,2.160955,0,0.4163441,-0.7333333,1.707107,0.2071068,2,2.086163E-07,-5.587935E-08,
0.1366667,-0.6315359,1,-0.4440081,2.161326,0,0.4188687,-0.7266666,1.707107,0.2071069,2,2.831221E-07,1.41561E-07,
0.14,-0.6243308,1,-0.4426077,2.161696,0,0.421401,-0.72,1.707107,0.2071068,2,-1.564622E-07,-8.195639E-08,
0.1433333,-0.6171246,1,-0.4411988,2.162064,0,0.4239411,-0.7133333,1.707107,0.2071068,2,-3.948808E-07,-1.080334E-07,
0.1466667,-0.6099171,1,-0.4397814,2.162431,0,0.4264891,-0.7066667,1.707107,0.2071068,2,1.713634E-07,-4.470348E-08,
0.15,-0.6027084,1,-0.4383555,2.162796,0,0.4290447,-0.7,1.707107,0.2071069,2,-1.266599E-07,-4.842877E-08,
0.1533333,-0.5954984,1,-0.4369211,2.16316,0,0.4316082,-0.6933333,1.707107,0.2071068,2,0,5.960464E-08,
0.1566667,-0.5882873,1,-0.4354781,2.163523,0,0.4341794,-0.6866667,1.707107,0.2071068,2,-2.682209E-07,1.117587E-08,
0.16,-0.581075,1,-0.4340265,2.163884,0,0.4367583,-0.6800001,1.707107,0.2071068,2,1.490116E-08,-4.842877E-08,
0.1633333,-0.5738614,1,-0.4325664,2.164243,0,0.4393451,-0.6733333,1.707107,0.2071068,2,2.682209E-07,6.332994E-08,
0.1666667,-0.5666466,1,-0.4310976,2.164602,0,0.4419395,-0.6666666,1.707107,0.2071068,2,2.980232E-08,5.960464E-08,
0.17,-0.5594308,1,-0.4296201,2.164958,0,0.4445417,-0.66,1.707107,0.2071068,2,-4.470348E-08,4.470349E-08,
0.1733333,-0.5522135,1,-0.428134,2.165313,0,0.4471517,-0.6533333,1.707107,0.2071068,2,2.235174E-07,7.450581E-08,
0.1766667,-0.5449953,1,-0.4266391,2.165667,0,0.4497693,-0.6466667,1.707107,0.2071068,2,-2.682209E-07,-1.341105E-07,
0.18,-0.5377758,1,-0.4251355,2.166019,0,0.4523948,-0.64,1.707107,0.2071068,2,-7.450581E-08,-4.470348E-08,
0.1833333,-0.5305552,1,-0.4236231,2.16637,0,0.4550279,-0.6333333,1.707107,0.2071068,2,1.788139E-07,-2.980232E-08,
0.1866667,-0.5233333,1,-0.4221019,2.166719,0,0.4576688,-0.6266666,1.707107,0.2071068,2,-1.788139E-07,-2.235174E-08,
0.19,-0.5161104,1,-0.420572,2.167066,0,0.4603174,-0.62,1.707107,0.2071069,2,1.341105E-07,3.72529E-08,
0.1933333,-0.5088863,1,-0.4190332,2.167412,0,0.4629737,-0.6133334,1.707107,0.2071068,2,1.490116E-07,-2.980232E-08,
0.1966667,-0.5016611,1,-0.4174855,2.167757,0,0.4656378,-0.6066667,1.707107,0.2071069,2,4.470348E-08,2.980232E-08,
0.2,-0.4944345,1,-0.4159289,2.168099,0,0.4683096,-0.6,1.707107,0.2071068,2,1.490116E-08,6.705523E-08,
0.2033333,-0.4872069,1,-0.4143634,2.168441,0,0.470989,-0.5933333,1.707107,0.2071068,2,1.639128E-07,-2.235174E-08,
0.2066667,-0.4799783,1,-0.412789,2.168781,0,0.4736761,-0.5866666,1.707107,0.2071069,2,2.980232E-08,5.960464E-08,
0.21,-0.4727485,1,-0.4112056,2.169118,0,0.476371,-0.58,1.707107,0.2071069,2,1.043081E-07,8.195639E-08,
0.2133333,-0.4655174,1,-0.4096132,2.169455,0,0.4790735,-0.5733333,1.707107,0.2071068,2,1.788139E-07,4.470348E-08,
0.2166667,-0.4582854,1,-0.4080117,2.16979,0,0.4817838,-0.5666667,1.707107,0.2071068,2,-1.788139E-07,5.215406E-08,
0.22,-0.4510522,1,-0.4064012,2.170123,0,0.4845017,-0.5599999,1.707107,0.2071068,2,2.980232E-08,-7.450581E-09,
0.2233333,-0.4438179,1,-0.4047817,2.170455,0,0.4872273,-0.5533333,1.707107,0.2071068,2,8.940697E-08,4.470348E-08,
0.2266667,-0.4365825,1,-0.4031531,2.170785,0,0.4899606,-0.5466667,1.707107,0.2071068,2,-1.192093E-07,4.470348E-08,
0.23,-0.4293461,1,-0.4015153,2.171113,0,0.4927015,-0.54,1.707107,0.2071069,2,8.940697E-08,-4.470348E-08,
0.2333333,-0.4221085,1,-0.3998684,2.171439,0,0.4954502,-0.5333334,1.707107,0.2071069,2,2.980232E-08,5.215406E-08,
0.2366667,-0.4148698,1,-0.3982123,2.171764,0,0.4982064,-0.5266667,1.707107,0.2071068,2,2.980232E-08,7.45058E-09,
0.24,-0.4076301,1,-0.396547,2.172088,0,0.5009703,-0.52,1.707107,0.2071068,2,-1.192093E-07,-3.72529E-08,
0.2433333,-0.4003892,1,-0.3948725,2.172409,0,0.5037419,-0.5133333,1.707107,0.2071068,2,1.192093E-07,-1.490116E-08,
0.2466667,-0.3931473,1,-0.3931887,2.172729,0,0.5065211,-0.5066667,1.707107,0.2071069,2,-1.192093E-07,4.470348E-08,
0.25,-0.3859043,1,-0.3914956,2.173047,0,0.509308,-0.5,1.707107,0.2071068,2,-1.192093E-07,-1.490116E-08,
0.2533333,-0.3786603,1,-0.3897933,2.173364,0,0.5121024,-0.4933333,1.707107,0.2071069,2,-5.960464E-08,2.980232E-08,
0.2566667,-0.3714153,1,-0.3880816,2.173678,0,0.5149046,-0.4866667,1.707107,0.2071069,2,8.940697E-08,7.450581E-08,
0.26,-0.3641692,1,-0.3863606,2.173991,0,0.5177143,-0.48,1.707107,0.2071068,2,-5.960464E-08,0,
0.2633333,-0.356922,1,-0.3846302,2.174303,0,0.5205317,-0.4733333,1.707107,0.2071069,2,0,1.490116E-08,
0.2666667,-0.3496737,1,-0.3828904,2.174612,0,0.5233567,-0.4666666,1.707107,0.2071068,2,0,7.450581E-08,
0.27,-0.3424245,1,-0.3811412,2.17492,0,0.5261892,-0.46,1.707107,0.2071068,2,0,2.980232E-08,
0.2733333,-0.3351743,1,-0.3793824,2.175225,0,0.5290294,-0.4533333,1.707107,0.2071069,2,-5.960464E-08,2.980232E-08,
0.2766667,-0.3279231,1,-0.3776143,2.17553,0,0.5318772,-0.4466667,1.707107,0.2071068,2,0,-2.980232E-08,
0.28,-0.3206708,1,-0.3758366,2.175832,0,0.5347325,-0.44,1.707107,0.2071069,2,-2.980232E-08,-2.980232E-08,
0.2833333,-0.3134176,1,-0.3740494,2.176132,0,0.5375954,-0.4333334,1.707107,0.2071069,2,2.980232E-07,-4.470348E-08,
0.2866667,-0.3061633,1,-0.3722526,2.176431,0,0.5404659,-0.4266667,1.707107,0.2071068,2,-2.980232E-08,-1.490116E-08,
0.29,-0.298908,1,-0.3704462,2.176728,0,0.543344,-0.42,1.707107,0.2071069,2,1.192093E-07,2.980232E-08,
0.2933333,-0.2916518,1,-0.3686303,2.177023,0,0.5462296,-0.4133334,1.707107,0.2071068,2,-2.682209E-07,0,
0.2966667,-0.2843945,1,-0.3668047,2.177316,0,0.5491228,-0.4066667,1.707107,0.2071068,2,2.384186E-07,1.490116E-08,
0.3,-0.2771363,1,-0.3649695,2.177608,0,0.5520235,-0.4,1.707107,0.2071069,2,2.086163E-07,4.470348E-08,
0.3033333,-0.2698771,1,-0.3631245,2.177897,0,0.5549319,-0.3933333,1.707107,0.2071069,2,-1.788139E-07,-5.960464E-08,
0.3066667,-0.262617,1,-0.3612699,2.178185,0,0.5578476,-0.3866667,1.707107,0.2071068,2,1.192093E-07,5.960464E-08,
0.31,-0.2553559,1,-0.3594056,2.17847,0,0.560771,-0.38,1.707107,0.2071069,2,-8.940697E-08,4.470348E-08,
0.3133333,-0.2480938,1,-0.3575315,2.178754,0,0.5637018,-0.3733334,1.707107,0.2071068,2,0,-7.450581E-08,
0.3166667,-0.2408309,1,-0.3556476,2.179036,0,0.5666402,-0.3666667,1.707107,0.2071069,2,-5.960464E-08,0,
0.32,-0.233567,1,-0.3537538,2.179316,0,0.5695861,-0.36,1.707107,0.2071068,2,1.788139E-07,-1.490116E-08,
0.3233333,-0.2263021,1,-0.3518503,2.179595,0,0.5725395,-0.3533334,1.707107,0.2071068,2,-1.788139E-07,1.490116E-08,
0.3266667,-0.2190363,1,-0.3499369,2.179871,0,0.5755004,-0.3466667,1.707107,0.2071068,2,1.192093E-07,1.490116E-08,
0.33,-0.2117696,1,-0.3480136,2.180145,0,0.5784687,-0.34,1.707107,0.2071069,2,0,-4.470348E-08,
0.3333333,-0.204502,1,-0.3460804,2.180417,0,0.5814446,-0.3333333,1.707107,0.2071068,2,1.192093E-07,0,
0.3366667,-0.1972335,1,-0.3441373,2.180688,0,0.584428,-0.3266667,1.707107,0.2071068,2,-1.788139E-07,-4.470348E-08,
0.34,-0.1899641,1,-0.3421842,2.180956,0,0.5874187,-0.32,1.707107,0.2071069,2,5.960464E-08,0,
0.3433333,-0.1826938,1,-0.3402212,2.181223,0,0.590417,-0.3133333,1.707107,0.2071068,2,2.384186E-07,0,
0.3466667,-0.1754226,1,-0.3382481,2.181487,0,0.5934227,-0.3066667,1.707107,0.2071068,2,-1.788139E-07,0,
0.35,-0.1681506,1,-0.336265,2.18175,0,0.5964357,-0.3,1.707107,0.2071068,2,-1.788139E-07,-2.980232E-08,
0.3533333,-0.1608777,1,-0.3342719,2.18201,0,0.5994564,-0.2933334,1.707107,0.2071068,2,0,-5.960464E-08,
0.3566667,-0.1536039,1,-0.3322687,2.182269,0,0.6024844,-0.2866667,1.707107,0.2071068,2,1.788139E-07,-2.980232E-08,
0.36,-0.1463291,1,-0.3302553,2.182525,0,0.6055198,-0.2799999,1.707107,0.2071068,2,5.960464E-08,0,
0.3633333,-0.1390536,1,-0.3282318,2.18278,0,0.6085626,-0.2733333,1.707107,0.2071068,2,-1.788139E-07,-5.960464E-08,
0.3666667,-0.1317773,1,-0.3261982,2.183032,0,0.6116129,-0.2666667,1.707107,0.2071068,2,0,5.960464E-08,
0.37,-0.1245001,1,-0.3241544,2.183283,0,0.6146706,-0.26,1.707107,0.2071068,2,2.384186E-07,5.960464E-08,
0.3733333,-0.1172221,1,-0.3221004,2.183531,0,0.6177356,-0.2533333,1.707107,0.2071068,2,0,-2.980232E-08,
0.3766667,-0.1099432,1,-0.3200362,2.183778,0,0.6208079,-0.2466667,1.707107,0.2071068,2,0,0,
0.38,-0.1026636,1,-0.3179617,2.184022,0,0.6238877,-0.24,1.707107,0.2071068,2,-5.960464E-08,2.980232E-08,
0.3833333,-0.09538311,1,-0.3158769,2.184264,0,0.6269748,-0.2333334,1.707107,0.2071068,2,0,-8.940697E-08,
0.3866667,-0.08810182,1,-0.3137819,2.184504,0,0.6300693,-0.2266667,1.707107,0.2071069,2,0,0,
0.39,-0.08081976,1,-0.3116764,2.184742,0,0.6331711,-0.22,1.707107,0.2071068,2,-1.788139E-07,-5.960464E-08,
0.3933333,-0.07353683,1,-0.3095607,2.184978,0,0.6362803,-0.2133333,1.707107,0.2071068,2,-5.960464E-08,5.960464E-08,
0.3966667,-0.06625319,1,-0.3074345,2.185212,0,0.6393968,-0.2066666,1.707107,0.2071069,2,5.960464E-08,2.980232E-08,
0.4,-0.05896877,1,-0.305298,2.185444,0,0.6425205,-0.2,1.707107,0.2071068,2,5.960464E-08,2.980232E-08,
0.4033333,-0.05168356,1,-0.3031511,2.185674,0,0.6456518,-0.1933333,1.707107,0.2071068,2,5.960464E-08,-2.980232E-08,
0.4066667,-0.04439764,1,-0.3009937,2.185901,0,0.6487901,-0.1866667,1.707107,0.2071068,2,-5.960464E-08,-2.980232E-08,
0.41,-0.03711089,1,-0.2988258,2.186127,0,0.6519359,-0.18,1.707107,0.2071068,2,1.192093E-07,0,
0.4133333,-0.02982345,1,-0.2966474,2.18635,0,0.6550888,-0.1733334,1.707107,0.2071068,2,-1.192093E-07,-5.960464E-08,
0.4166667,-0.02253526,1,-0.2944585,2.186571,0,0.6582491,-0.1666667,1.707107,0.2071068,2,-5.960464E-08,2.980232E-08,
0.42,-0.01524635,1,-0.2922591,2.18679,0,0.6614166,-0.16,1.707107,0.2071068,2,-5.960464E-08,2.980232E-08,
0.4233333,-0.007956624,1,-0.2900491,2.187007,0,0.6645914,-0.1533333,1.707107,0.2071068,2,0,0,
0.4266667,-0.000666216,1,-0.2878284,2.187222,0,0.6677735,-0.1466666,1.707107,0.2071069,2,0,5.960464E-08,
0.43,0.006624892,1,-0.2855973,2.187435,0,0.6709628,-0.14,1.707107,0.2071068,2,0,0,
0.4333333,0.01391669,1,-0.2833554,2.187645,0,0.6741593,-0.1333333,1.707107,0.2071068,2,-1.192093E-07,-2.980232E-08,
0.4366667,0.02120917,1,-0.2811028,2.187853,0,0.677363,-0.1266666,1.707107,0.2071068,2,5.960464E-08,5.960464E-08,
0.44,0.02850234,1,-0.2788396,2.188059,0,0.680574,-0.12,1.707107,0.2071068,2,1.192093E-07,-2.980232E-08,
0.4433333,0.0357962,1,-0.2765657,2.188263,0,0.6837921,-0.1133333,1.707107,0.2071068,2,0,0,
0.4466667,0.04309071,1,-0.274281,2.188465,0,0.6870174,-0.1066667,1.707107,0.2071068,2,0,-5.960464E-08,
0.45,0.05038594,1,-0.2719856,2.188664,0,0.6902499,-0.1,1.707107,0.2071068,2,0,2.980232E-08,
0.4533333,0.05768188,1,-0.2696793,2.188861,0,0.6934897,-0.09333328,1.707107,0.2071068,2,1.192093E-07,5.960464E-08,
0.4566667,0.06497842,1,-0.2673622,2.189056,0,0.6967365,-0.08666661,1.707107,0.2071068,2,0,0,
0.46,0.07227557,1,-0.2650344,2.189249,0,0.6999905,-0.07999996,1.707107,0.2071069,2,1.192093E-07,5.960464E-08,
0.4633333,0.07957339,1,-0.2626957,2.18944,0,0.7032517,-0.0733333,1.707107,0.2071068,2,1.192093E-07,5.960464E-08,
0.4666667,0.0868718,1,-0.2603461,2.189628,0,0.7065199,-0.06666669,1.707107,0.2071068,2,-1.192093E-07,-2.980232E-08,
0.47,0.09417088,1,-0.2579855,2.189814,0,0.7097953,-0.05999999,1.707107,0.2071068,2,0,2.980232E-08,
0.4733333,0.1014706,1,-0.2556141,2.189997,0,0.7130778,-0.0533333,1.707107,0.2071068,2,-1.192093E-07,8.940697E-08,
0.4766667,0.1087708,1,-0.2532317,2.190179,0,0.7163674,-0.04666668,1.707107,0.2071068,2,-1.192093E-07,2.980232E-08,
0.48,0.1160717,1,-0.2508383,2.190358,0,0.7196641,-0.04000003,1.707107,0.2071068,2,0,-2.980232E-08,
0.4833333,0.1233732,1,-0.2484339,2.190535,0,0.7229679,-0.03333338,1.707107,0.2071068,2,0,-2.980232E-08,
0.4866667,0.1306753,1,-0.2460185,2.19071,0,0.7262788,-0.02666666,1.707107,0.2071068,2,1.192093E-07,0,
0.49,0.137978,1,-0.243592,2.190882,0,0.7295967,-0.01999997,1.707107,0.2071068,2,-1.192093E-07,5.960464E-08,
0.4933333,0.1452812,1,-0.2411545,2.191052,0,0.7329216,-0.01333334,1.707107,0.2071068,2,0,0,
0.4966667,0.152585,1,-0.2387059,2.19122,0,0.7362536,-0.006666675,1.707107,0.2071068,2,0,-5.960464E-08,
0.5,0.1598893,1,-0.2362461,2.191386,0,0.7395926,0,1.707107,0.2071068,2,0,0,
0.5033333,0.1671942,1,-0.2337752,2.191549,0,0.7429387,0.006666645,1.707107,0.2071068,2,0,-5.960464E-08,
0.5066667,0.1744996,1,-0.2312932,2.19171,0,0.7462918,0.01333331,1.707107,0.2071068,2,1.192093E-07,0,
0.51,0.1818056,1,-0.2288,2.191868,0,0.7496519,0.01999998,1.707107,0.2071068,2,0,0,
0.5133333,0.1891121,1,-0.2262955,2.192025,0,0.7530189,0.02666666,1.707107,0.2071068,2,1.192093E-07,0,
0.5166667,0.1964191,1,-0.2237798,2.192178,0,0.756393,0.0333333,1.707107,0.2071068,2,0,0,
0.52,0.2037266,1,-0.2212529,2.19233,0,0.7597739,0.03999995,1.707107,0.2071068,2,-2.384186E-07,-5.960464E-08,
0.5233333,0.2110346,1,-0.2187147,2.192479,0,0.7631618,0.04666662,1.707107,0.2071068,2,0,5.960464E-08,
0.5266666,0.2183431,1,-0.2161651,2.192626,0,0.7665567,0.0533333,1.707107,0.2071068,2,-1.192093E-07,5.960464E-08,
0.53,0.2256521,1,-0.2136043,2.192771,0,0.7699585,0.05999996,1.707107,0.2071068,2,2.384186E-07,0,
0.5333334,0.2329617,1,-0.2110321,2.192913,0,0.7733674,0.06666672,1.707107,0.2071068,2,1.192093E-07,0,
0.5366667,0.2402716,1,-0.2084485,2.193053,0,0.776783,0.07333338,1.707107,0.2071068,2,1.192093E-07,0,
0.54,0.247582,1,-0.2058535,2.19319,0,0.7802056,0.08000006,1.707107,0.2071068,2,1.192093E-07,5.960464E-08,
0.5433334,0.2548929,1,-0.2032471,2.193326,0,0.783635,0.08666672,1.707107,0.2071068,2,0,5.960464E-08,
0.5466667,0.2622042,1,-0.2006293,2.193458,0,0.7870713,0.09333338,1.707107,0.2071068,2,0,0,
0.55,0.2695159,1,-0.198,2.193589,0,0.7905146,0.1,1.707107,0.2071068,2,1.192093E-07,5.960464E-08,
0.5533333,0.2768281,1,-0.1953592,2.193717,0,0.7939646,0.1066667,1.707107,0.2071068,2,0,-5.960464E-08,
0.5566667,0.2841407,1,-0.1927069,2.193842,0,0.7974215,0.1133334,1.707107,0.2071068,2,-1.192093E-07,5.960464E-08,
0.56,0.2914537,1,-0.190043,2.193966,0,0.8008853,0.12,1.707107,0.2071068,2,1.192093E-07,0,
0.5633333,0.2987671,1,-0.1873676,2.194087,0,0.8043558,0.1266667,1.707107,0.2071068,2,1.192093E-07,5.960464E-08,
0.5666667,0.3060809,1,-0.1846806,2.194205,0,0.8078331,0.1333333,1.707107,0.2071068,2,2.384186E-07,-5.960464E-08,
0.57,0.3133951,1,-0.1819821,2.194321,0,0.8113173,0.14,1.707107,0.2071068,2,-1.192093E-07,0,
0.5733333,0.3207097,1,-0.1792718,2.194435,0,0.8148082,0.1466667,1.707107,0.2071068,2,0,5.960464E-08,
0.5766667,0.3280247,1,-0.17655,2.194546,0,0.8183059,0.1533333,1.707107,0.2071068,2,0,-5.960464E-08,
0.58,0.33534,1,-0.1738164,2.194655,0,0.8218105,0.16,1.707107,0.2071069,2,0,0,
0.5833333,0.3426557,1,-0.1710713,2.194761,0,0.8253217,0.1666666,1.707107,0.2071068,2,-1.192093E-07,5.960464E-08,
0.5866666,0.3499717,1,-0.1683143,2.194865,0,0.8288397,0.1733333,1.707107,0.2071068,2,3.576279E-07,0,
0.59,0.3572881,1,-0.1655457,2.194967,0,0.8323644,0.1799999,1.707107,0.2071068,2,1.192093E-07,-5.960464E-08,
0.5933333,0.3646048,1,-0.1627652,2.195066,0,0.8358958,0.1866666,1.707107,0.2071068,2,0,5.960464E-08,
0.5966667,0.371922,1,-0.159973,2.195163,0,0.839434,0.1933334,1.707107,0.2071069,2,0,5.960464E-08,
0.6,0.3792393,1,-0.157169,2.195257,0,0.8429788,0.2,1.707107,0.2071068,2,-1.192093E-07,0,
0.6033334,0.386557,1,-0.1543531,2.195349,0,0.8465303,0.2066667,1.707107,0.2071068,2,-1.192093E-07,0,
0.6066667,0.393875,1,-0.1515254,2.195439,0,0.8500885,0.2133333,1.707107,0.2071068,2,-2.384186E-07,-5.960464E-08,
0.61,0.4011933,1,-0.1486859,2.195526,0,0.8536534,0.22,1.707107,0.2071068,2,1.192093E-07,0,
0.6133333,0.4085118,1,-0.1458344,2.19561,0,0.8572248,0.2266667,1.707107,0.2071068,2,1.192093E-07,0,
0.6166667,0.4158307,1,-0.142971,2.195693,0,0.8608029,0.2333334,1.707107,0.2071068,2,0,5.960464E-08,
0.62,0.4231498,1,-0.1400957,2.195772,0,0.8643878,0.24,1.707107,0.2071068,2,0,0,
0.6233333,0.4304691,1,-0.1372084,2.19585,0,0.867979,0.2466667,1.707107,0.2071069,2,-1.192093E-07,0,
0.6266667,0.4377887,1,-0.1343091,2.195925,0,0.8715771,0.2533333,1.707107,0.2071068,2,0,0,
0.63,0.4451086,1,-0.1313979,2.195997,0,0.8751816,0.26,1.707107,0.2071068,2,-2.384186E-07,-5.960464E-08,
0.6333333,0.4524287,1,-0.1284746,2.196067,0,0.8787926,0.2666667,1.707107,0.2071068,2,0,0,
0.6366667,0.459749,1,-0.1255393,2.196134,0,0.8824105,0.2733333,1.707107,0.2071068,2,2.384186E-07,5.960464E-08,
0.64,0.4670696,1,-0.1225919,2.196199,0,0.8860347,0.28,1.707107,0.2071068,2,0,0,
0.6433333,0.4743903,1,-0.1196324,2.196262,0,0.8896655,0.2866666,1.707107,0.2071068,2,2.384186E-07,0,
0.6466666,0.4817113,1,-0.1166608,2.196322,0,0.8933028,0.2933333,1.707107,0.2071068,2,0,5.960464E-08,
0.65,0.4890324,1,-0.1136771,2.19638,0,0.8969467,0.3,1.707107,0.2071068,2,0,0,
0.6533333,0.4963538,1,-0.1106811,2.196435,0,0.900597,0.3066666,1.707107,0.2071068,2,2.384186E-07,0,
0.6566667,0.5036755,1,-0.107673,2.196488,0,0.9042538,0.3133334,1.707107,0.2071068,2,-2.384186E-07,0,
0.66,0.5109972,1,-0.1046527,2.196538,0,0.9079172,0.3200001,1.707107,0.2071068,2,0,0,
0.6633334,0.518319,1,-0.1016202,2.196586,0,0.911587,0.3266667,1.707107,0.2071068,2,0,5.960464E-08,
0.6666667,0.5256411,1,-0.0985755,2.196632,0,0.9152632,0.3333334,1.707107,0.2071068,2,0,-5.960464E-08,
0.67,0.5329632,1,-0.09551847,2.196675,0,0.9189459,0.34,1.707107,0.2071068,2,0,0,
0.6733333,0.5402856,1,-0.09244916,2.196715,0,0.922635,0.3466667,1.707107,0.2071068,2,-2.384186E-07,0,
0.6766667,0.547608,1,-0.08936757,2.196753,0,0.9263306,0.3533334,1.707107,0.2071068,2,2.384186E-07,0,
0.68,0.5549306,1,-0.08627364,2.196789,0,0.9300326,0.36,1.707107,0.2071068,2,-2.384186E-07,0,
0.6833333,0.5622532,1,-0.08316731,2.196822,0,0.9337409,0.3666667,1.707107,0.2071068,2,0,0,
0.6866667,0.569576,1,-0.08004871,2.196853,0,0.9374557,0.3733333,1.707107,0.2071068,2,0,0,
0.69,0.5768989,1,-0.07691765,2.196881,0,0.9411768,0.38,1.707107,0.2071068,2,0,0,
0.6933333,0.5842219,1,-0.07377419,2.196907,0,0.9449043,0.3866666,1.707107,0.2071068,2,0,-1.192093E-07,
0.6966667,0.5915449,1,-0.07061827,2.19693,0,0.9486381,0.3933333,1.707107,0.2071068,2,2.384186E-07,1.192093E-07,
0.7,0.5988681,1,-0.0674499,2.196951,0,0.9523782,0.4,1.707107,0.2071068,2,-2.384186E-07,0,
0.7033333,0.6061913,1,-0.06426907,2.196969,0,0.9561247,0.4066666,1.707107,0.2071068,2,0,0,
0.7066666,0.6135145,1,-0.06107581,2.196985,0,0.9598775,0.4133333,1.707107,0.2071068,2,2.384186E-07,0,
0.71,0.6208378,1,-0.05786988,2.196999,0,0.9636366,0.42,1.707107,0.2071068,2,0,1.192093E-07,
0.7133333,0.6281612,1,-0.05465153,2.19701,0,0.9674019,0.4266666,1.707107,0.2071068,2,2.384186E-07,0,
0.7166666,0.6354845,1,-0.05142057,2.197018,0,0.9711736,0.4333333,1.707107,0.2071068,2,0,0,
0.72,0.642808,1,-0.04817697,2.197025,0,0.9749517,0.44,1.707107,0.2071068,2,-2.384186E-07,-1.192093E-07,
0.7233334,0.6501315,1,-0.04492083,2.197028,0,0.9787359,0.4466667,1.707107,0.2071068,2,0,0,
0.7266667,0.6574549,1,-0.04165202,2.197029,0,0.9825262,0.4533334,1.707107,0.2071068,2,0,0,
0.73,0.6647784,1,-0.03837064,2.197028,0,0.9863228,0.4600001,1.707107,0.2071068,2,-2.384186E-07,0,
0.7333333,0.6721017,1,-0.03507662,2.197025,0,0.9901258,0.4666667,1.707107,0.2071068,2,-2.384186E-07,0,
0.7366667,0.6794252,1,-0.03176981,2.197018,0,0.9939349,0.4733334,1.707107,0.2071068,2,0,0,
0.74,0.6867485,1,-0.02845034,2.19701,0,0.9977501,0.48,1.707107,0.2071068,2,0,0,
0.7433333,0.6940719,1,-0.02511817,2.196999,0,1.001572,0.4866667,1.707107,0.2071068,2,0,-1.192093E-07,
0.7466667,0.7013952,1,-0.02177322,2.196985,0,1.005399,0.4933333,1.707107,0.2071068,2,0,0,
0.75,0.7087184,1,-0.01841548,2.19697,0,1.009233,0.5,1.707107,0.2071068,2,0,0,
0.7533333,0.7160416,1,-0.01504496,2.196951,0,1.013073,0.5066667,1.707107,0.2071068,2,0,0,
0.7566667,0.7233647,1,-0.01166168,2.196931,0,1.016919,0.5133333,1.707107,0.2071068,2,-2.384186E-07,0,
0.76,0.7306878,1,-0.008265495,2.196908,0,1.020771,0.52,1.707107,0.2071068,2,2.384186E-07,0,
0.7633333,0.7380108,1,-0.004856527,2.196882,0,1.024629,0.5266666,1.707107,0.2071068,2,0,1.192093E-07,
0.7666667,0.7453337,1,-0.001434684,2.196854,0,1.028494,0.5333333,1.707107,0.2071068,2,0,-1.192093E-07,
0.77,0.7526564,1,0.002000064,2.196824,0,1.032364,0.54,1.707107,0.2071068,2,-2.384186E-07,0,
0.7733333,0.7599791,1,0.005447745,2.196791,0,1.036241,0.5466666,1.707107,0.2071068,2,0,0,
0.7766666,0.7673017,1,0.008908421,2.196755,0,1.040123,0.5533333,1.707107,0.2071068,2,0,1.192093E-07,
0.78,0.7746241,1,0.01238191,2.196718,0,1.044012,0.5599999,1.707107,0.2071068,2,0,0,
0.7833334,0.7819466,1,0.01586851,2.196678,0,1.047907,0.5666667,1.707107,0.2071068,2,-2.384186E-07,0,
0.7866667,0.7892687,1,0.01936802,2.196635,0,1.051808,0.5733334,1.707107,0.2071068,2,-2.384186E-07,0,
0.79,0.7965908,1,0.02288058,2.19659,0,1.055714,0.58,1.707107,0.2071068,2,0,0,
0.7933334,0.8039127,1,0.02640614,2.196543,0,1.059627,0.5866667,1.707107,0.2071068,2,-2.384186E-07,-1.192093E-07,
0.7966667,0.8112344,1,0.02994475,2.196493,0,1.063546,0.5933334,1.707107,0.2071068,2,-2.384186E-07,1.192093E-07,
0.8,0.818556,1,0.03349641,2.196441,0,1.06747,0.6,1.707107,0.2071068,2,2.384186E-07,0,
0.8033333,0.8258773,1,0.03706121,2.196387,0,1.071401,0.6066667,1.707107,0.2071068,2,0,0,
0.8066667,0.8331985,1,0.04063913,2.19633,0,1.075338,0.6133333,1.707107,0.2071068,2,-2.384186E-07,1.192093E-07,
0.81,0.8405195,1,0.04423013,2.196271,0,1.07928,0.62,1.707107,0.2071068,2,0,-1.192093E-07,
0.8133333,0.8478404,1,0.04783431,2.196209,0,1.083229,0.6266667,1.707107,0.2071068,2,2.384186E-07,0,
0.8166667,0.8551609,1,0.05145165,2.196145,0,1.087183,0.6333333,1.707107,0.2071068,2,0,0,
0.82,0.8624812,1,0.0550822,2.196079,0,1.091144,0.64,1.707107,0.2071068,2,0,0,
0.8233333,0.8698014,1,0.05872595,2.19601,0,1.09511,0.6466666,1.707107,0.2071068,2,0,0,
0.8266667,0.8771213,1,0.06238291,2.195939,0,1.099082,0.6533333,1.707107,0.2071068,2,0,-1.192093E-07,
0.83,0.884441,1,0.06605318,2.195866,0,1.10306,0.66,1.707107,0.2071068,2,2.384186E-07,0,
0.8333333,0.8917603,1,0.06973669,2.19579,0,1.107044,0.6666666,1.707107,0.2071068,2,2.384186E-07,-1.192093E-07,
0.8366666,0.8990796,1,0.07343352,2.195712,0,1.111034,0.6733333,1.707107,0.2071068,2,2.384186E-07,2.384186E-07,
0.84,0.9063985,1,0.07714358,2.195632,0,1.11503,0.6799999,1.707107,0.2071068,2,-2.384186E-07,-1.192093E-07,
0.8433333,0.9137172,1,0.08086696,2.195549,0,1.119031,0.6866667,1.707107,0.2071068,2,0,0,
0.8466667,0.9210355,1,0.08460382,2.195464,0,1.123038,0.6933334,1.707107,0.2071068,2,0,-1.192093E-07,
0.85,0.9283536,1,0.08835396,2.195376,0,1.127051,0.7,1.707107,0.2071068,2,-2.384186E-07,-1.192093E-07,
0.8533334,0.9356714,1,0.09211749,2.195287,0,1.13107,0.7066667,1.707107,0.2071068,2,-2.384186E-07,0,
0.8566667,0.9429888,1,0.09589443,2.195195,0,1.135095,0.7133333,1.707107,0.2071068,2,2.384186E-07,0,
0.86,0.9503061,1,0.09968477,2.195101,0,1.139125,0.72,1.707107,0.2071068,2,0,0,
0.8633333,0.9576229,1,0.1034886,2.195004,0,1.143162,0.7266667,1.707107,0.2071068,2,2.384186E-07,0,
0.8666667,0.9649394,1,0.1073059,2.194905,0,1.147204,0.7333333,1.707107,0.2071068,2,0,0,
0.87,0.9722555,1,0.1111366,2.194804,0,1.151251,0.74,1.707107,0.2071068,2,0,0,
0.8733333,0.9795713,1,0.1149809,2.1947,0,1.155305,0.7466667,1.707107,0.2071068,2,2.384186E-07,0,
0.8766667,0.9868869,1,0.1188387,2.194595,0,1.159364,0.7533333,1.707107,0.2071068,2,0,0,
0.88,0.994202,1,0.12271,2.194487,0,1.163429,0.76,1.707107,0.2071068,2,0,0,
0.8833333,1.001517,1,0.1265948,2.194376,0,1.1675,0.7666667,1.707107,0.2071068,2,-4.768372E-07,-1.192093E-07,
0.8866667,1.008831,1,0.1304933,2.194264,0,1.171576,0.7733333,1.707107,0.2071068,2,4.768372E-07,1.192093E-07,
0.89,1.016145,1,0.1344053,2.194149,0,1.175658,0.7799999,1.707107,0.2071068,2,0,-1.192093E-07,
0.8933333,1.023459,1,0.138331,2.194032,0,1.179746,0.7866666,1.707107,0.2071068,2,0,0,
0.8966666,1.030772,1,0.1422703,2.193913,0,1.183839,0.7933332,1.707107,0.2071069,2,0,0,
0.9,1.038085,1,0.1462233,2.193792,0,1.187938,0.8,1.707107,0.2071068,2,0,0,
0.9033333,1.045397,1,0.1501898,2.193668,0,1.192043,0.8066666,1.707107,0.2071068,2,-4.768372E-07,0,
0.9066667,1.052709,1,0.1541704,2.193542,0,1.196153,0.8133335,1.707107,0.2071069,2,0,2.384186E-07,
0.91,1.060021,1,0.1581643,2.193414,0,1.200269,0.8200001,1.707107,0.2071068,2,0,0,
0.9133334,1.067332,1,0.1621721,2.193284,0,1.204391,0.8266667,1.707107,0.2071068,2,-4.768372E-07,-1.192093E-07,
0.9166667,1.074643,1,0.1661936,2.193151,0,1.208518,0.8333334,1.707107,0.2071068,2,-4.768372E-07,0,
0.92,1.081953,1,0.1702289,2.193017,0,1.212651,0.84,1.707107,0.2071068,2,0,-1.192093E-07,
0.9233333,1.089263,1,0.174278,2.19288,0,1.216789,0.8466667,1.707107,0.2071068,2,-4.768372E-07,0,
0.9266667,1.096572,1,0.1783409,2.192741,0,1.220933,0.8533334,1.707107,0.2071068,2,4.768372E-07,1.192093E-07,
0.93,1.103881,1,0.1824175,2.1926,0,1.225082,0.86,1.707107,0.2071068,2,4.768372E-07,0,
0.9333333,1.11119,1,0.186508,2.192457,0,1.229237,0.8666667,1.707107,0.2071068,2,0,1.192093E-07,
0.9366667,1.118498,1,0.1906124,2.192311,0,1.233398,0.8733333,1.707107,0.2071069,2,0,1.192093E-07,
0.94,1.125805,1,0.1947306,2.192164,0,1.237564,0.88,1.707107,0.2071068,2,4.768372E-07,1.192093E-07,
0.9433333,1.133112,1,0.1988629,2.192014,0,1.241736,0.8866667,1.707107,0.2071068,2,0,2.384186E-07,
0.9466667,1.140419,1,0.2030089,2.191862,0,1.245913,0.8933334,1.707107,0.2071068,2,0,1.192093E-07,
0.95,1.147724,1,0.2071689,2.191708,0,1.250096,0.9,1.707107,0.2071068,2,0,1.192093E-07,
0.9533333,1.15503,1,0.2113428,2.191552,0,1.254284,0.9066666,1.707107,0.2071068,2,0,1.192093E-07,
0.9566666,1.162335,1,0.2155308,2.191394,0,1.258477,0.9133332,1.707107,0.2071068,2,0,-1.192093E-07,
0.96,1.169639,1,0.2197328,2.191234,0,1.262677,0.92,1.707107,0.2071068,2,0,0,
0.9633333,1.176943,1,0.2239487,2.191072,0,1.266881,0.9266666,1.707107,0.2071068,2,0,1.192093E-07,
0.9666666,1.184246,1,0.2281786,2.190907,0,1.271092,0.9333332,1.707107,0.2071068,2,0,0,
0.97,1.191549,1,0.2324226,2.190741,0,1.275307,0.9400001,1.707107,0.2071068,2,0,0,
0.9733334,1.198851,1,0.2366808,2.190573,0,1.279528,0.9466667,1.707107,0.2071068,2,0,0,
0.9766667,1.206153,1,0.2409528,2.190402,0,1.283755,0.9533333,1.707107,0.2071068,2,4.768372E-07,0,
0.98,1.213454,1,0.245239,2.19023,0,1.287987,0.9600002,1.707107,0.2071068,2,0,2.384186E-07,
0.9833333,1.220755,1,0.2495394,2.190055,0,1.292224,0.9666667,1.707107,0.2071068,2,0,0,
0.9866667,1.228054,1,0.2538539,2.189879,0,1.296466,0.9733334,1.707107,0.2071068,2,0,0,
0.99,1.235354,1,0.2581826,2.1897,0,1.300715,0.98,1.707107,0.2071068,2,-4.768372E-07,-2.384186E-07,
0.9933333,1.242652,1,0.2625253,2.18952,0,1.304968,0.9866667,1.707107,0.2071069,2,-4.768372E-07,0,
0.9966667,1.24995,1,0.2668823,2.189337,0,1.309227,0.9933333,1.707107,0.2071069,2,0,0,
1,1.257248,1,0.2712535,2.189153,0,1.313491,1,1.707107,0.2071068,2,0,0,
